Code,Types,BGD_EU,CHN_EU,VNM_EU,CAM_EU,TUR_EU,IND_EU,BGD_US,CHN_US,VNM_US,CAM_US,TUR_US,IND_US,BGD_UK,CHN_UK,VNM_UK,CAM_UK,TUR_UK,IND_UK
'610120,Cotton,6.888934979,29.28549207,16.61827232,25.31681012,0.733174323,3.369283418,7.153678366,21.51516954,21.98007139,6.548383898,0.43049772,3.933372992,1.473761971,9.119067092,6.0222146,10.13006886,1.940215814,2.322243622
'610220,Cotton,5.355819779,22.45939621,29.82511849,20.13195498,0.317538722,1.568876501,3.804925542,24.07970968,24.29244667,7.930675519,0.301709734,2.522452897,2.103027137,10.25638498,7.13954795,10.20019911,1.843783576,0.479551302
'610322,Cotton,12.73470905,40.24911694,5.447109128,3.327756088,0.501952036,1.412902026,18.9618393,63.54586395,11.78004266,2.536146006,0.142213795,0.047404598,4.330636504,7.57206818,0.036655932,0.248736679,33.65800016,12.21689838
'610332,Cotton,9.796626984,32.71329365,3.447420635,2.132936508,3.199404762,3.509424603,2.839306238,50.99780587,14.36631491,0.378748302,2.669522516,5.284191829,3.743076648,22.73092728,2.965874576,1.199303198,7.4749866,2.441039843
'610342,Cotton,18.39152934,16.65843004,13.63189675,23.6047443,1.243446203,2.757564913,9.393287547,14.06380108,23.2515531,9.106739132,0.709388744,3.613260258,14.31794685,8.221332825,1.781174153,6.504607958,5.72489362,5.397211709
'610422,Cotton,17.74218629,54.5949308,3.965168714,9.407557145,0.668636293,4.385010107,2.19018575,92.75020793,0,0.013861935,0.180205157,2.78624896,6.803195679,14.58985034,0.065263869,0.051760999,23.72229099,19.90322944
'610432,Cotton,4.366892015,30.73268774,7.984651928,17.29398867,3.882696876,4.640964736,1.111203827,48.58561415,23.34501558,0.353248776,0.478415665,5.461448598,2.521577625,25.97618267,1.276084344,1.332896318,8.027968972,4.079536764
'610442,Cotton,17.82525443,27.66442454,10.96350641,13.99633872,2.827323547,7.07918049,5.58341145,21.59344231,27.6153104,9.292502857,1.384203792,8.409499894,14.32247986,12.97671467,1.074347083,1.882938736,10.25979985,12.00644374
'610452,Cotton,15.70606389,38.02652431,7.37342564,11.11852531,2.193677538,2.418883977,10.74744381,22.09595351,30.68992958,5.727910678,1.050207389,3.935564773,11.72901025,9.990476823,0.491661684,2.571257724,9.71364029,9.613979138
'610462,Cotton,14.60306026,22.31735942,12.87769799,30.00669189,0.823082323,2.339297372,6.357493256,15.516853,31.14976404,7.798336756,0.520233863,3.789975876,35.53221908,5.502425645,1.639633153,8.48979172,8.108339762,6.58356047
'610510,Cotton,13.82027218,11.09983654,17.31895903,11.17926867,3.040919025,16.40985142,7.245083161,7.142804724,19.24557292,6.698851415,0.965426566,18.95175416,23.36150252,5.769798393,1.23999963,1.354157346,5.508675472,7.93560682
'610610,Cotton,10.7795588,23.69255714,14.6937092,14.73780028,1.912984113,7.979063847,4.220995944,12.94312906,24.37893217,6.701491771,0.848276716,13.93155191,18.34333276,7.784698017,0.941660477,1.153838828,7.93516561,19.17185685
'610711,Cotton,16.14080491,13.21680009,10.36911942,11.35914026,0.154402895,24.11799539,7.993411914,6.226217407,24.30023415,2.434654919,0.046116601,19.16065405,38.59499701,17.01174317,0.036438182,4.113219062,1.639570089,6.899703162
'610721,Cotton,20.76796724,15.53074488,6.469159902,39.33273026,0.589187516,10.81724474,2.506466459,29.25395102,19.24367356,21.62072022,0.42541776,11.15167312,29.02294981,11.39074313,0.185637612,4.224938922,3.719966143,41.15431968
'610791,Cotton,17.38206545,33.65065873,2.388440289,21.82745431,1.291967701,5.737356566,12.17065987,26.08327713,12.29550434,2.829109708,0.687901398,21.35678287,12.66927083,21.33854167,0,0.583333333,8.346354167,18.46354167
'610821,Cotton,31.13102775,14.14122019,3.198368381,17.23268221,0.098602952,6.30539929,20.4494581,11.49633477,10.23813999,2.498888031,0.057061223,9.212487812,34.51113685,17.93278678,0.0858146,2.868627482,0.306288664,9.916179525
'610831,Cotton,30.44579997,13.98855784,4.290155305,34.62558288,0.312177536,11.98487441,5.699200463,28.70243146,16.04212163,13.97059421,0.395784585,13.92490174,28.57806507,11.45810561,0.391269352,4.592384284,5.076564581,36.1517976
'610839,Cotton,6.430087959,47.83136184,3.942978465,29.51167728,0.303306036,1.789505611,0.220228385,96.33564437,0.334420881,0.057096248,0.27324633,0.80954323,6.311490626,40.59031001,0.003712642,1.258585484,15.51884166,9.819936885
'610891,Cotton,18.03928477,16.3436977,4.073813089,46.68369594,1.995067383,5.152823042,6.497119831,38.85412059,13.79266167,6.773413006,1.618357663,8.987867756,26.24516189,20.55299326,0.143694811,3.096391406,11.62073841,13.94534962
'610910,Cotton,23.02543862,9.87151547,5.439825318,10.33767851,1.819138792,6.682158898,6.862426051,7.452576152,6.604032081,1.876340484,0.827871368,6.116875016,26.30554909,4.445058043,1.26805936,1.29118745,11.4776263,7.58831309
'611020,Cotton,14.9173888,23.30693192,14.51488749,14.91346148,2.106418617,3.253785447,5.702296277,19.31729497,21.15700371,5.823793225,0.928023657,6.142325806,14.46474142,12.47984876,1.91439073,5.295644906,9.521167483,2.942036417
'611120,Cotton,9.573877559,46.62588229,8.061650374,13.43050978,0.513056343,12.58300295,6.729577759,27.83604263,13.05182414,16.14091437,0.197632392,16.49618761,16.33210034,16.38066181,0.60555217,4.797429318,3.609282606,24.98598226
'611211,Cotton,8.497536946,21.7364532,25.40024631,9.020935961,4.556650246,2.43226601,5.659973667,50.44107966,1.074720211,4.420671494,2.639894668,2.557603687,2.784590523,4.843972225,1.034754543,10.79403101,22.78441439,0.425350165
'611420,Cotton,11.99288133,28.7191582,12.39201051,16.35911259,1.502349851,4.101009054,6.79320568,33.2064228,19.23103215,5.640385487,0.885550181,5.813141333,15.1062855,9.369974386,0.522740761,1.894166521,7.831271582,9.966206347
'611595,Cotton,1.229062603,50.06224099,3.702551093,0.572774688,2.47388242,0.592865134,0.04950036,30.43221921,2.840620511,0.315549439,1.95280761,0.736916643,0.181767548,24.51030016,0.159281811,0.441435474,40.74359109,1.317062064
'611692,Cotton,9.855072464,68.77011036,0.497274299,0.013296104,0.005318442,0.473341311,7.949281346,49.3023386,2.102780849,0.002099282,0.004198564,0.258911452,8.678843568,42.67705065,0,0.08404303,0.280143433,4.510309278
'620112,Cotton,19.38430512,25.33958123,4.045317041,0.68212824,1.322735631,1.097336734,8.330851496,37.45228103,4.346374261,0.567663914,1.926808357,1.951175488,3.611807537,25.56026243,2.74631855,1.252605593,3.824097288,0.464924162
'620192,Cotton,23.73794883,20.45713339,14.7477968,10.79549768,1.132481729,6.623051283,23.18202196,28.15467812,9.067062457,3.62540752,0.809519414,10.47405879,8.921467934,12.46252744,2.125052787,1.062005036,2.322647244,0.73354987
'620212,Cotton,10.4906038,31.71257934,9.380569713,1.034989525,0.684781589,0.728557581,4.211821514,34.88272777,16.26716166,0.102325149,0.956021328,2.383922267,3.763952831,33.94073045,3.821947919,0.695225071,2.847487238,0.73030852
'620292,Cotton,25.561975,31.43116299,14.66458966,5.013408526,1.20479552,2.266632488,23.36271241,34.68472866,13.43554605,1.202243264,1.425289094,5.002104503,11.67617625,15.3295295,2.585618423,0.36321016,4.867917724,0.61629809
'620322,Cotton,2.010535558,14.88147498,0.245829675,0,0.21071115,0.535557507,0,26.8626882,0.154753845,0,0.009672115,0.035464423,2.090814317,11.89621221,1.065678212,0,12.9387235,4.888219622
'620332,Cotton,10.15126663,29.17441225,5.409148897,2.267176964,4.807727356,1.399671952,10.55393586,30.26422718,16.80539933,1.880581254,2.868621014,4.46362572,10.56101227,20.44741165,4.593659338,3.721905694,4.715299381,2.994861757
'620342,Cotton,36.53157842,13.58061621,5.524538837,6.668102503,2.337620899,2.107807359,30.34845919,9.220723724,8.554162778,2.135979326,0.95131592,2.857038694,29.70283595,4.197579659,0.755317415,1.207236574,4.524733111,2.223086953
'620412,Cotton,0.419947507,51.28608924,0.524934383,0,1.102362205,17.42782152,9.838807786,50.14446472,17.35857664,5.968673966,0.935218978,5.459245742,2.958218969,26.66971638,0.953034462,0.007624276,9.576090271,10.12503812
'620422,Cotton,0.122136864,2.910043544,0.012390696,0.106205969,0.072574079,0.47615676,0.020237999,53.93831458,2.307131871,0,0.0080952,0.53023557,2.227071792,26.01421297,3.172737955,0.671478932,5.338257512,14.63824073
'620432,Cotton,15.5981078,30.03874994,2.901212823,0.71460923,4.247395702,1.099592371,6.115455584,31.88145656,14.28822474,0.352718189,1.810452676,2.961493885,17.18395228,18.98795895,1.565002079,1.377144469,10.56448105,2.28201586
'620442,Cotton,11.57419009,26.735394,4.502130086,1.730857306,3.210252067,23.90622435,3.719330224,28.25812789,9.77213671,0.729909039,1.601048321,33.70250511,7.309670037,11.85961595,0.730711461,1.143555627,6.612889029,22.31062123
'620452,Cotton,26.2858534,32.34773371,4.802584986,6.581975921,3.078523371,5.541784703,15.75020204,34.63088027,11.79874853,2.336704728,2.486137006,13.38389092,22.43711312,15.29455405,1.358588552,2.28131593,9.6775091,8.687084135
'620462,Cotton,30.92111699,26.15746637,7.003274123,9.740141276,4.479070731,1.327980752,19.64670465,24.5089381,17.5163109,5.445444422,2.394702103,2.252126248,33.69412883,6.799533825,0.774181253,2.784413029,14.95995525,2.596778637
'620520,Cotton,30.20577938,18.01283355,6.570771905,3.212849256,3.595785912,7.247959515,25.44713818,11.33630089,15.16485023,0.755776892,1.270420014,10.63212754,27.85073913,5.514885905,3.59601047,3.497020541,4.46333143,10.30471329
'620630,Cotton,18.71923048,21.14238106,4.316118631,3.810281213,2.225143636,18.31997057,7.274883411,15.7145615,10.76548124,0.993200262,0.917476221,33.51985442,8.153286722,8.678216331,0.770112364,0.371917782,5.094060837,26.12540502
'620711,Cotton,31.49644162,10.46355068,31.96287748,1.053087132,0.158684362,7.698595884,8.721711422,8.346574846,58.412616,0.987336644,0.045358719,4.858803157,4.647624568,11.51129304,0.202858126,0.104145913,1.660900907,7.982105015
'620721,Cotton,35.58495822,17.62833267,1.740947075,15.47950657,0.029844807,15.23079984,10.11707763,31.06123136,17.89180136,7.660931653,0.133024545,12.45061664,13.91192778,22.93910095,11.08692664,0.506346515,2.87311552,16.6452825
'620791,Cotton,19.58769549,15.56804963,1.421739692,8.194390591,5.305674034,6.01654388,20.73549129,27.44684926,3.723424631,1.063014748,7.590499904,22.67908447,1.880527541,22.58494957,2.650116369,0.117920869,20.54926299,4.254460822
'620821,Cotton,12.11886527,26.18248573,2.805266328,28.55749649,0.154892006,17.53434874,4.245620765,25.95735839,22.62754124,6.474555683,0.607019563,14.58221455,8.606753927,18.98913336,0.966183575,1.560398171,4.366541507,43.16945643
'620891,Cotton,5.061983471,22.00413223,1.354453627,18.48599633,19.9207989,9.87144169,2.318831402,29.67539527,11.13872881,0.80979672,16.42444008,23.74902371,4.102351156,19.94186546,0.085913113,0.423838025,20.92557061,14.84149031
'620920,Cotton,43.61071977,19.80660861,5.638447746,2.386974898,0.381019467,13.99526127,37.02638181,16.12037166,13.61407493,4.540586637,0.115522678,10.68894651,15.26964795,12.87132471,1.341070495,0.387139218,1.496685279,26.74001788
'621132,Cotton,6.877291848,17.75925981,0.46461437,1.488764326,0.39167491,1.674610074,2.955902546,14.20638442,2.415268203,0.549369279,0.317835226,3.197103262,11.96842973,13.51880211,0.64069842,0.813471028,6.942971951,2.225101766
'621142,Cotton,15.43879908,30.66397229,4.450057737,0.8573903,2.269053118,21.47517321,8.279806267,35.62854303,8.281661356,0.502265528,1.079275711,21.2950381,6.817417355,15.24713755,0.473151458,0.496921152,6.896799164,20.28765815
'621320,Cotton,0.380807312,58.41584158,0.304645849,0,0.304645849,22.81035796,0.102177727,83.31716379,0.145525854,0,0.035091341,13.33367737,0.623475197,71.65898618,0,0.09487666,1.030089455,3.917050691
'610130,MMF,6.774448621,29.08741538,6.519108805,6.442754529,2.937102561,0.228458761,5.197601152,21.36935078,20.60189856,3.159769331,0.259535185,0.814487009,7.297120656,25.32805635,8.077411859,2.442903308,1.013761301,0.279220072
'610230,MMF,5.158321978,38.37717808,5.463416973,5.364897824,1.759065001,0.403694068,2.621783807,39.56708617,26.15099069,3.413369343,0.196858173,0.370205894,11.97511211,26.87146595,8.950267882,4.313764293,0.717069096,0.310516528
'610290,MMF,0.52335979,14.21146128,1.464211162,0.641788634,1.447463649,0.809263767,1.46184739,55.04417671,6.65060241,0,0.562248996,2,0.876236321,34.77116318,3.019818736,1.049227182,4.283404159,0.770937535
'610323,MMF,2.828016863,38.27714709,0.622293204,3.232327592,4.778348513,0.477690968,0,65.27472527,14.28571429,10.65934066,0,3.516483516,1.483453785,39.67287942,0.076074553,0.830480538,18.99961963,1.629263345
'610333,MMF,8.331570607,28.49233121,2.282080685,5.406929925,11.47386156,0.507665075,1.139531253,38.75967264,20.53609259,5.925116518,7.031197734,3.855674241,8.451829186,45.05692301,1.45457409,3.479503217,4.191603294,0.399361022
'610343,MMF,5.098622861,20.82843427,5.04978469,8.38452069,6.724060229,0.380698767,5.702274323,11.31263239,23.2536043,6.249123513,0.276720449,0.282655613,5.174748866,20.89092785,2.887056913,9.125424342,5.919879126,0.781450518
'610349,MMF,4.783579875,11.42785735,1.805089114,6.674893391,7.451537825,1.33335416,1.764645831,28.33058671,8.416339745,1.225043387,1.946943954,0.891073226,5.597944566,12.23398734,1.138015156,0.426917886,9.024966262,8.212654417
'610413,MMF,0.662411592,23.199931,0.465758151,0.039675694,11.22477143,0.688287045,0,72.51796212,10.30372306,0,0.204114958,1.747224037,0.483187715,48.59456359,0.518489101,0.072809108,1.116406319,15.58556173
'610423,MMF,8.266495501,37.54317004,0.359561029,1.784740525,5.847836954,0.892370263,8.864767074,67.39032112,9.520578924,0,0.972410674,0.022614202,19.2534671,31.71781253,0.666371594,0.098357431,11.24471329,1.249139372
'610433,MMF,6.588191609,35.1998278,2.781787448,2.593165753,6.209316014,0.369694441,1.20062153,49.68067848,28.59655968,1.102737335,0.560609483,0.57566859,10.76826501,38.18339852,5.947172727,8.023564634,4.240668308,1.026606789
'610443,MMF,5.418063347,26.52105505,2.079893851,5.365479617,13.30483896,1.963504127,1.362220878,41.27298041,28.38472614,2.192311413,1.280392514,3.713720436,7.52534948,29.0714916,1.67150118,3.183308386,12.97552299,3.896222878
'610444,MMF,11.52361239,21.90617514,0.739807303,4.859000632,14.77698434,2.221976806,1.203340512,33.41686749,26.80752107,2.580051787,2.04477089,1.482250594,10.38081863,14.47976603,0.764909602,2.948515175,21.35202203,1.939543508
'610453,MMF,3.597013453,31.29530589,1.673152013,4.074672632,13.6334599,1.539559863,2.616628074,36.55318697,26.94807973,4.572811028,1.119930299,1.326854212,9.492636486,19.76225987,2.072858151,2.091613007,16.61858874,2.945405507
'610463,MMF,6.545486768,23.67401846,6.595242356,9.317586894,6.389308604,1.090235599,1.357704185,20.45584326,33.24964459,6.569064058,0.736076246,0.239042617,8.14610812,22.31627394,4.509542393,11.82013536,7.781702317,1.177279389
'610520,MMF,12.01860071,15.20271484,6.464389927,3.262877815,7.655867942,1.216818552,2.088503589,9.61743314,28.7631752,1.73908914,0.507684662,0.786151807,11.6778598,15.71881458,7.867732762,2.931871533,4.269823598,1.227272282
'610620,MMF,7.165719502,19.61812458,4.362290376,3.927072777,17.89274963,2.031796046,1.906569515,22.98617255,22.92033263,4.99032239,1.175145968,2.638958142,6.864329582,16.27964209,4.402603509,3.97872528,19.26699186,3.751726367
'610712,MMF,6.873248003,29.54224515,2.881931585,2.264837213,3.062588635,1.226059177,6.459670847,34.97174579,21.41967655,2.712256222,0.232582846,5.25668163,9.067576899,34.6287635,1.102179606,1.833057571,7.482053754,2.567843975
'610719,MMF,1.664921387,27.47798311,3.671867349,0.115263788,1.860794491,1.218180038,1.641282235,47.47621928,34.51366361,0.995216363,0.456369935,8.038708968,7.108886108,63.31914894,0.600750939,0,6.403003755,2.448060075
'610722,MMF,4.762074306,57.57273661,0.98742575,2.608607931,2.317839531,2.752211917,2.700743887,55.02692691,7.756560603,31.65899963,0.012683329,0.515587409,4.468049233,74.00101163,0.079244647,5.928174001,1.433147867,7.425392008
'610811,MMF,3.068465007,15.95487663,1.560865182,0.352882987,1.729221755,0.214963761,0.371540503,33.65853659,2.600783521,0.457475041,0.379122962,1.117148995,21.79141293,19.43266785,0.924998073,27.00223541,0.971247977,0.131041394
'610822,MMF,9.964246564,28.51545713,5.905670436,1.291960888,1.225828024,0.467727248,5.676952194,40.56951763,20.30090929,0.522996284,0.188860877,2.045966249,17.2540049,39.67375006,2.370275316,11.68748445,2.056439333,0.70717708
'610829,MMF,2.815540992,29.10776508,2.226976475,0.196789976,2.897687266,1.031793316,0.423443364,48.94620345,2.521412761,0.019247426,3.897603696,0.038494851,19.84844781,45.61581171,0.261898942,10.68896882,3.390718301,2.13360338
'610832,MMF,6.269308348,43.75729167,0.697615332,8.589265622,5.332448394,2.809024303,3.666604765,55.9123662,14.97011172,16.04945242,0.058722558,0.59299746,13.83960832,42.00029602,0.87094312,19.62596751,5.928856049,6.72985672
'610892,MMF,3.816664543,52.16269588,0.591540324,6.473563511,3.170977195,0.316473436,1.832016064,61.75820062,18.24032231,6.836109848,0.564343715,0.52060453,11.22694309,65.88709995,0.066510326,9.973100268,1.120822166,1.227238688
'610899,MMF,0.839285044,21.85643348,0.37273762,0.757983214,2.273949643,0.606636731,3.60081668,63.42881891,19.44874095,0.556827322,0.618697024,5.766256264,0.994469262,54.16932568,0.047862157,0.574345884,8.051478409,2.425015954
'610990,MMF,8.908110144,15.35602173,3.688550219,4.792256908,13.36894947,1.830882383,1.634301716,14.72345983,6.921029569,1.890471918,0.676565474,1.029259136,11.67291793,14.88225888,3.070714082,6.911759237,17.46559738,2.206279361
'611030,MMF,17.62793104,30.16702449,2.085786012,4.739198998,9.081331435,0.403642496,2.259814251,22.853078,17.56990054,3.836672593,0.808107351,0.493487813,17.76381144,28.79017186,1.472924592,6.027924633,10.03845736,0.652356878
'611130,MMF,6.972539386,43.02620263,2.805758358,5.48022909,8.216112239,1.606214891,3.71894241,44.04954037,17.04569026,19.72191726,0.140521206,0.948992447,4.65468282,48.04426994,1.461218523,4.582883238,4.261402226,3.563458541
'611212,MMF,8.184795812,16.63476257,9.772028837,14.42542607,2.202804681,0.736831792,7.099004351,36.13298454,11.26311294,6.964204682,0.456450364,0.396391106,3.217183208,13.59501919,8.093817721,10.04712508,10.64663073,0.17641191
'611231,MMF,2.398711103,32.85447241,6.884856497,4.197589515,0.906565318,0.039451806,5.763166565,40.57749329,14.54322963,2.649785852,0.465948134,1.468442604,5.739058629,28.82992855,4.864826051,7.613183499,1.310451298,0.368003447
'611241,MMF,5.323179043,31.1542142,5.597768674,3.371054005,1.274639886,0.096287704,0.751061754,38.94103367,27.20837341,5.258064027,0.204053956,0.100194915,4.696545651,42.80947146,2.670835507,11.62236242,1.999517393,0.115701832
'611249,MMF,0.831316972,22.27445558,1.285862427,0.765641203,4.896301417,0.349118562,0.051004794,63.76619402,2.427828216,0.448842191,0.520248903,1.46893808,2.254709433,33.52971125,0.683686086,0.516401193,5.825878246,0.407302349
'611430,MMF,6.107259449,24.92679404,2.810081267,3.092938422,12.28245772,0.790637796,1.660061175,46.80675054,17.39276742,3.779582704,2.093133117,1.130603223,4.601221189,32.62524581,1.237188961,3.843870917,10.85478041,1.111422707
'611490,MMF,0.655271885,9.192976574,0.445727621,0.379088395,1.057928823,1.280253212,0.253488218,69.07223312,2.864416867,0.178543876,0.35267926,5.0179646,1.34997754,27.68517862,0.909047923,0.844031492,6.941390642,3.692933305
'611510,MMF,0.042405014,3.602259537,0.162346204,0.00495241,1.313007816,0.041476437,0.012441525,23.43485618,0.090574301,0.100527521,0.978401513,0.025380711,0.03965152,3.714780954,0.029455415,0.014727707,1.431986315,0.109891355
'611521,MMF,0.065140017,2.461341862,0.048274921,0.015280456,2.816923727,0.012111176,0.042948107,35.62047567,0.549611289,0.051662216,0.819437442,0.075937234,0,9.192418596,0.145178663,1.500625539,23.78722294,0.008028313
'611522,MMF,0.440751433,23.74440151,0.4567047,0.012728671,4.779700656,0.010352652,0.419358269,85.58563947,0.313023367,0.030571284,0.43863147,0.000664593,0.107335463,28.4897115,0.099481648,1.085135347,23.06927064,0.026179381
'611596,MMF,0.083927235,32.15108822,0.449304591,0.283329388,15.4059855,0.197882747,0.014050499,74.09438197,3.098564679,0.247172767,0.78341199,2.189428654,0.020108466,49.55686344,0.224794639,0.154264946,13.00837653,0.360151624
'611610,MMF,0.574188873,44.92634651,2.389857989,0.228810333,0.100417506,1.973269542,0.681697484,55.32642193,7.072739955,0.937602848,0.000467492,0.07489229,1.383217763,46.7240692,4.651900263,0.4046969,0.09483196,0.76771606
'611693,MMF,0.542106362,40.07403647,7.843183774,1.881279102,0.075048714,2.662291856,1.389512727,62.97186254,8.377859282,4.443822903,0.007164567,0.960603146,0.723965228,54.10497155,0.528132975,0.38688811,0.091433874,1.052171896
'611780,MMF,1.04482237,45.78560418,1.183417253,0.271959771,1.701056067,1.253106944,3.201154235,65.92488518,3.516301747,0.812358484,0.238879575,0.827472131,1.122162428,52.16321142,0.697016144,0.435215538,0.567234647,3.573466397
'620113,MMF,4.238937841,40.19373987,4.626863114,1.07946659,2.905241224,0.106654603,1.499010766,48.73917624,12.95613967,0.334027082,2.219481487,1.559649529,3.678279629,45.38556871,3.630313045,0.849169191,0.508812999,0.058523823
'620193,MMF,7.985254985,35.42148621,9.14262009,1.889537699,0.692330534,0.101731576,7.01658197,37.92053844,33.01640715,1.562092434,0.156065873,0.834509589,3.670897856,25.76082343,4.659629732,1.074379603,0.231294257,0.037981589
'620199,MMF,3.267571352,20.07353319,3.438391214,0.320012317,1.990821182,0.435114112,3.810902074,33.30117382,12.51004985,0.164817495,2.154687249,2.645119794,2.237933096,36.27998856,3.108673615,0.293712474,4.390091753,0.613417202
'620213,MMF,2.398073615,45.31113072,4.180105816,0.697330652,0.621961332,0.091854646,3.318478182,46.70929056,22.06723649,0.381425191,0.346206292,0.67841533,4.151570031,47.50265588,7.607771614,0.222032789,0.715309417,0.131073979
'620293,MMF,6.082415792,39.59948909,7.921782067,1.282501355,0.742864953,0.389344421,5.906673393,41.66663112,30.44936672,0.812284571,0.147307564,0.485488405,3.347897929,31.01073798,6.777113512,0.848150842,0.406106532,0.060024761
'620312,MMF,4.145683753,29.86045271,1.345923875,5.855840833,20.17337405,0.309205166,1.529833821,55.19854851,18.64005608,0.599562905,2.551647355,2.680301843,13.80530973,37.08676635,9.437493643,8.231105686,3.570338724,0.931746516
'620323,MMF,0.327319426,23.81483744,1.113512498,0.216516319,3.036318361,0.562629205,0.07082153,62.74787535,0,0,0,0,0.212502214,75.48550853,0.147570982,0,10.13517502,2.437872617
'620333,MMF,4.663314395,22.12039373,4.620665893,2.696358005,8.111670239,1.150087934,3.51702355,18.54309971,39.38530873,1.615987375,2.475161895,9.336710636,12.7796352,33.71981269,15.82392696,3.559853179,2.69359753,1.983518394
'620339,MMF,2.313499776,13.94095405,1.520375492,0.866160861,9.974709722,0.980621169,0.712148103,18.46758204,11.47679764,0.549519913,3.360982601,10.47132471,2.070863128,16.58188314,2.707155656,0.335620732,0.691767029,1.075650577
'620343,MMF,11.64940929,16.42810593,10.57066262,2.01548157,4.853571917,1.157615762,12.35410572,13.80503143,23.20427768,3.172307197,0.473525915,1.420174239,21.80269281,17.40680803,5.912239319,2.435873646,2.673715689,1.696921792
'620349,MMF,16.0328446,12.38130804,1.686383802,1.64896515,6.540930018,2.211367487,15.56179411,22.46053512,11.68592221,1.117757574,2.62595288,6.033213121,14.61592766,18.89131677,2.294685178,0.615860423,3.023498168,4.194036373
'620413,MMF,1.698759218,23.3202622,0.422860822,0.342385579,5.435736861,2.444984198,5.555002489,43.1259333,36.90890991,0.781483325,0.75161772,3.230462917,5.493565812,50.2763468,0.488038876,0,3.243164327,8.448912341
'620423,MMF,0.453481195,28.77845735,0.255051291,0.166803544,7.669902417,1.936859502,0,37.09859609,0,0,0,0.193642085,2.400643604,30.40707965,3.861625101,0.090104586,5.419147224,16.77876106
'620433,MMF,2.99633895,28.56568919,7.636465499,1.975379287,4.338494356,0.48684179,4.475659926,28.96928209,29.59547716,0.133682093,1.199000074,0.772707331,6.890185902,34.07879147,9.60299713,1.503779788,2.761414458,1.011489553
'620439,MMF,3.71753642,19.565902,3.606986103,1.067995025,3.18114177,0.87556603,2.125848676,28.6378133,19.65749672,0.082666458,0.948952239,2.789626093,3.796198896,39.33603309,3.84089212,0.429490988,2.204684068,1.161478801
'620443,MMF,2.212790357,32.0049515,1.449167681,0.991327341,5.957631022,8.083190326,0.441598975,51.7792453,13.32702921,0.715880201,1.347946508,7.707881193,1.606358635,30.26822125,2.703581132,0.57000981,4.633761364,8.679975076
'620444,MMF,5.269707748,22.45796229,0.956114616,1.396353125,12.01781032,10.88264057,1.407867341,30.79787095,11.71996111,1.1467649,3.658562931,24.89248613,2.709789543,18.84644018,1.473424244,0.460651518,10.3663107,17.42726254
'620453,MMF,2.706153828,33.83793851,2.159317819,1.864817702,10.0473748,4.253690743,4.184872402,35.01112758,22.19938603,1.978467574,2.379095096,5.616950749,7.683400485,21.81496357,5.844584042,1.155728317,7.118630164,4.913501797
'620463,MMF,7.18597537,20.10509511,8.05874624,3.776542167,10.74860806,1.889481916,4.506940336,15.13817662,35.40997328,2.777693028,0.904087529,1.096830421,15.87917618,14.80600125,8.142602787,4.812775968,3.533181952,1.96171885
'620530,MMF,22.86654651,9.619372227,3.275517311,1.067508182,7.010387161,5.133178778,12.5367795,11.56397575,15.70947375,1.897940233,0.514668335,2.877940129,56.12465734,7.268070985,1.819231122,1.742500754,4.932057554,4.949108747
'620640,MMF,7.092386481,21.62117798,2.262348496,2.045298612,11.38002759,10.07301972,2.860754422,27.49293205,19.20544867,1.830611963,1.610073727,15.65345342,11.54951759,13.12862294,5.275197349,1.331488159,6.705389338,11.40255336
'620722,MMF,2.61627907,32.6849332,0.590672934,0.210291935,1.295769421,1.202993568,3.971221852,68.01479555,9.39354524,0.260141452,0.398341598,4.723193236,17.27839335,11.14573715,2.677746999,6.405817175,47.14142813,3.685749461
'620811,MMF,1.149745777,11.44989339,0.332950631,0.221420371,2.88010497,1.02837461,0.042474869,49.63896361,8.79229789,18.77389211,1.451224692,10.96559536,4.520679705,23.98204553,0,7.919204873,8.993267073,5.546649567
'620822,MMF,4.133668588,28.79656079,0.913683298,3.286409068,2.326257633,4.872312403,3.019538188,42.59468576,13.49821483,13.80411576,1.138830579,7.579794392,4.826965981,29.32412099,1.43287041,10.24368309,6.649833106,18.66190484
'620892,MMF,3.803330377,36.5866767,4.942493215,2.096713514,5.195093113,1.405422836,0.852328051,47.53019605,19.38253769,7.201311553,1.109113389,10.85925718,4.509290466,44.44263466,0.867026675,12.36640648,2.649944245,4.632077481
'620930,MMF,7.253009807,46.51247477,8.332492819,0.432264766,0.926094514,1.096380634,12.86598726,40.27930962,25.65599525,2.470061715,0.040195487,1.757327098,2.317002721,37.50147901,2.843182973,0.101616821,0.489291953,2.900255434
'621010,MMF,0.427179778,58.83645063,2.608024946,4.963542245,10.32527667,0.351428893,0.257047402,68.92017281,6.220445744,4.681934817,3.363187027,0.737363901,0.077541061,84.1234917,0.103759294,2.467313913,4.322031175,0.097586554
'621040,MMF,10.34575723,32.94588959,9.501528966,2.345552469,0.484857201,0.591184038,9.197284044,38.76597972,33.69485938,2.4742323,0.013736623,1.031220576,2.614665789,23.48236618,6.286540962,0.54810059,2.804086163,0.070229542
'621050,MMF,9.016704146,39.82364397,8.401964234,2.039526891,0.735469715,0.763948281,4.477575537,39.30272801,42.34518154,1.188778333,0.099808342,0.372339674,2.243152471,34.6371279,4.502159084,0.587229071,0.850699877,1.942758203
'621111,MMF,10.63678251,18.51133418,4.633090133,5.979749069,5.641747399,0.129682769,12.18250786,18.99591844,21.04805067,3.614837774,0.725670574,0.332110968,20.15169765,15.473811,1.461636121,2.211660536,1.88938442,0.429050425
'621112,MMF,6.540680343,16.81694116,8.391452239,0.717805523,1.353012463,0.60247102,1.251830507,40.20265483,5.614341726,0.663706363,1.395909112,0.958949407,0.910800007,28.90284192,1.352510632,0.753828463,2.423932685,1.34520963
'621133,MMF,3.154908533,20.71663344,5.425820433,1.001645501,3.459696414,0.753493021,2.781949578,19.928101,11.28641455,3.200359179,0.116880667,1.416796036,4.941809493,41.01285766,9.822903009,0.253332182,2.898141097,0.52655408
'621143,MMF,3.524418777,28.92703146,2.567186457,1.162635613,6.831232084,5.929004146,2.18140121,37.26549816,18.40970415,2.583341725,0.863633848,8.999330805,4.411808151,26.10833929,1.999363957,1.595320394,2.903552629,10.14279682
'621290,MMF,4.117526598,30.50067551,2.211938752,0.632905303,1.09483684,0.742031647,0.147117198,45.06251861,6.968095663,0.365684231,3.130644041,0.316810559,3.399475189,44.54305117,1.686469912,5.015184126,3.277609065,0.164126151
'621430,MMF,0.192870322,62.76876879,0.084076391,0.021133956,2.434631755,5.14997758,0.037505918,85.84981647,1.01552909,0.041399975,0.348415631,3.750796745,0.142137431,69.90476792,0.304805824,0.004737914,2.965934396,4.496280737
'621440,MMF,0.095369478,44.63960191,0.096425228,0.000351917,0.514150578,13.90247679,0.130951757,52.08999005,0.106070923,0.010476141,0.975590592,23.62631607,0,52.83432509,0.013422218,0,2.049125319,11.04648562
'621490,MMF,0.205979898,15.51076534,0.163431383,0.019160921,1.706730837,23.33715612,0.401363985,32.13848689,0.473152665,0.19578731,0.39320618,33.87120458,3.912191851,36.1679225,0.337044945,0.019410965,8.512590658,13.97413048
'621520,MMF,1.80279663,61.73058551,1.459111381,0.100500019,2.412000447,0.955370547,0.693868897,92.71534028,2.584661643,0.065532063,0.083842492,0.107935162,0.538652776,79.11684622,0.953001065,0.017757784,0.455783118,0.822777317
'621710,MMF,0.794423683,28.5038134,0.500604309,0.437047636,1.070113777,1.262450856,1.694347349,60.72070798,4.164730366,0.822338513,0.084692111,1.288060938,0.309833769,40.76451976,0.400613089,0.038153628,0.715709427,3.550260826
'621790,MMF,0.207218636,3.47078891,0.18733485,0.02629261,0.893620098,0.427090591,0.013384193,29.26453858,3.770996453,0.361373218,0.127149836,8.311584019,0.093121179,17.81448642,0.526337099,0.469654642,1.894813555,3.684359691
